{"cameraMode":{"drawMode":0,"name":"Shaded","section":"Shading Mode"},"sceneLighting":false,"audioPlay":false,"sceneViewState":{"m_AlwaysRefresh":false,"showFog":true,"showSkybox":false,"showFlares":true,"showImageEffects":true,"showParticleSystems":true,"showVisualEffectGraphs":true,"m_FxEnabled":true},"in2DMode":false,"pivot":{"x":0.027273893356323243,"y":2.070472002029419,"z":0.024617791175842286},"rotation":{"x":0.05916909500956535,"y":0.9204022884368897,"z":-0.15355266630649568,"w":0.3546634614467621},"size":2.2096974849700929,"orthographic":false}